role,scope,allowed,approval_limits
platform_admin,platform,company_approval_and_subscription,no_unlogged_company_access
company_admin,company,users_branches_policies_approvals,company_only
accountant,assigned_branches,ledger_receivables_payroll_review,no_role_grants
warehouse_keeper,assigned_warehouses,receipts_transfers_counts,no_unapproved_adjustments
cashier,assigned_pos,shift_sales_receipts_returns,discount_and_return_limits
representative,assigned_customers_and_vehicle,sales_orders_collection_custody,allocated_stock_and_credit
representative_supervisor,assigned_team,routes_allocations_handover_review,no_unassigned_company_access
hr,company_employees,employee_contract_attendance_payroll_drafts,no_cash_disbursement_without_permission
auditor,assigned_scope,read_reports_and_audit,no_mutation
